imdbid,movielink,title,year,rating,dubious,date
27564844,/view/12036/iron_lung/,Iron Lung,2026,3,True,2026-02-03 23:42:51
24458622,/view/12035/the_six_triple_eight/,The Six Triple Eight,2024,3,False,2026-02-03 19:04:18
0074157,/view/12034/at_the_earth's_core/,At The Earth's Core,1976,0,False,2026-02-02 21:24:26
13429870,/view/12033/robot_dreams/,Robot Dreams,2023,0,False,2026-02-01 19:33:28
32298285,/view/12031/sirât/,Sirât,2025,1,False,2026-01-30 13:05:28
29713093,/view/12030/we_bury_the_dead/,We Bury the Dead,2024,0,False,2026-01-29 22:57:50
1527793,/view/12029/no_other_choice/,No Other Choice,2025,3,True,2026-01-29 17:12:44
15181326,/view/12028/dead_man's_wire/,Dead Man's Wire,2025,1,False,2026-01-29 16:51:47
10329560,/view/12027/h_is_for_hawk/,H Is for Hawk,2025,3,False,2026-01-29 16:49:05
29268110,/view/12025/smile_2/,Smile 2,2024,3,False,2026-01-26 01:26:25
19770238,/view/12023/aftersun/,Aftersun,2022,3,False,2026-01-20 22:46:42
16253418,/view/12022/no_way_up/,No Way Up,2024,3,False,2026-01-20 15:20:36
23172090,/view/12021/dust_bunny/,Dust Bunny,2025,3,False,
14905854,/view/12020/hamnet/,Hamnet,2025,3,False,2026-01-20 00:42:55
22528200,/view/12019/f***_marry_kill/,F*** Marry Kill,2024,3,False,2026-01-19 01:43:09
12908150,/view/12018/the_life_of_chuck/,The Life of Chuck,2024,3,False,2026-01-18 06:23:06
36243564,/view/12017/l’étranger/,L’étranger,2025,2,False,2026-01-17 04:25:31
0087806,/view/12016/the_ninja_mission/,The Ninja Mission,1984,3,False,2026-01-14 12:31:17
22740896,/view/12014/people_we_meet_on_vacation/,People We Meet on Vacation,2026,3,False,2026-01-10 17:20:28
26342662,/view/12011/m3gan_2.0/,M3GAN 2.0,2025,3,False,2026-01-08 02:46:11
22257924,/view/12009/myrskyluodon_maija_-_stormskärs_maja/,Myrskyluodon Maija / Stormskärs Maja,2024,3,False,2026-01-06 19:20:27
35766629,"/view/12008/goodbye,_june/","Goodbye, June",2025,1,False,2026-01-06 03:04:24
24950660,/view/12006/eternity/,Eternity,2025,3,True,2026-01-04 23:40:36
32792934,/view/12005/the_plague/,The Plague,2025,0,False,2026-01-04 21:16:16
0790604,/view/12003/deck_the_halls/,Deck The Halls,2006,2,True,2026-01-04 14:57:22
10092698,/view/12002/all_fun_and_games/,All Fun and Games,2023,3,False,2026-01-03 04:50:22
31281659,/view/12001/merv/,Merv,2025,3,False,2026-01-01 20:19:10
8002382,/view/11999/the_marsh_king's_daughter/,The Marsh King's Daughter,2023,3,False,2025-12-28 13:17:42
0284043,/view/11998/dingjunshan/,Dingjunshan,1905,0,False,2025-12-28 11:46:16
32916440,/view/11995/marty_supreme/,Marty Supreme,2025,2,False,2025-12-27 03:10:26
15678738,/view/11994/david/,DAVID,2025,2,True,2025-12-27 01:47:30
0072424,/view/11993/the_year_without_a_santa_claus/,The Year Without a Santa Claus,1974,2,False,2025-12-26 05:46:28
36639986,/view/11992/soy_frankelda/,Soy Frankelda,2025,3,False,2025-12-25 22:18:20
,/view/11991/that_christmas/,That Christmas,2024,3,False,2025-12-25 07:46:02
0840350,/view/11990/my_little_pony:_a_very_minty_christmas/,My little pony: A very minty Christmas,2005,3,False,2025-12-24 22:11:46
14107334,/view/11984/the_running_man/,The Running Man,2025,1,False,2025-12-22 05:04:29
35396529,/view/11983/mountainhead/,Mountainhead,2025,1,False,2025-12-22 04:58:27
12001534,/view/11982/the_thursday_murder_club/,The Thursday Murder Club,2025,3,False,2025-12-22 04:56:18
30400277,/view/11981/kiss_of_the_spider_woman/,Kiss of the Spider Woman,2025,3,False,2025-12-22 04:53:48
32843349,/view/11980/sorry_baby/,Sorry Baby,2025,3,False,2025-12-22 04:50:37
31998881,/view/11979/oh._what._fun./,Oh. What. Fun.,2025,3,False,2025-12-22 04:48:41
14364480,/view/11978/wake_up_dead_man/,Wake Up Dead Man,2025,3,False,2025-12-18 12:25:54
7068946,/view/11977/the_accountant_2/,The accountant 2,2025,2,True,2025-12-15 21:51:25
32214143,/view/11976/gabby's_dollhouse:_the_movie/,Gabby's Dollhouse: The Movie,2025,3,False,2025-12-13 21:24:17
26443597,/view/11975/zootopia_2/,Zootopia 2,2025,3,False,2025-12-08 23:23:37
31425731,/view/11973/playdate/,Playdate,2025,1,False,2025-12-06 00:08:18
30274401,/view/11972/five_nights_at_freddy’s_2/,Five Nights at Freddy’s 2,2025,3,False,2025-12-05 03:13:20
20225374,/view/11971/vesper/,Vesper,2022,3,False,2025-12-04 10:52:57
27604215,/view/11970/in_your_dreams/,In Your Dreams,2025,2,True,2025-12-02 21:13:38
29567915,/view/11968/nuremberg/,Nuremberg,2025,1,False,2025-11-30 22:24:52
12300742,/view/11967/bugonia/,Bugonia,2025,3,True,2025-11-30 18:15:06
19847976,/view/11963/wicked:_for_good/,Wicked: For Good,2025,3,False,2025-11-28 14:24:15
29768334,/view/11960/train_dreams/,Train Dreams,2025,1,False,2025-11-27 01:55:01
0097889,/view/11957/miracle_mile/,Miracle Mile,1988,3,False,2025-11-25 11:42:45
4712810,/view/11955/now_you_see_me:_now_you_don't/,Now You See Me: Now You Don't,2025,3,False,2025-11-19 14:39:44
31227572,/view/11953/predator:_badlands/,Predator: Badlands,2025,3,False,2025-11-18 22:07:50
32135632,/view/11952/lifehack/,Lifehack,2025,1,False,2025-11-18 09:55:57
37284198,/view/11951/the_legend_of_hei_2/,The Legend of Hei 2,2025,2,True,2025-11-17 17:24:41
33088452,/view/11950/regretting_you/,Regretting You,2025,1,True,2025-11-17 04:19:11
0098282,"/view/11949/see_no_evil,_hear_no_evil/","See No Evil, Hear No Evil",1989,3,True,2025-11-17 03:32:16
0088889,/view/11948/cat's_eye/,Cat's Eye,1985,3,True,2025-11-17 01:23:50
0075675,/view/11947/the_american_friend/,The American Friend,1977,1,False,2025-11-16 09:30:21
4932244,/view/11942/2_lava_2_lantula/,2 lava 2 lantula,2016,3,False,
6452332,/view/11941/lu_over_the_wall/,Lu Over the Wall,2017,3,False,2025-11-10 19:48:08
0059643,/view/11940/the_saragossa_manuscript_/,The Saragossa Manuscript ,1965,1,False,2025-11-10 07:31:28
10714856,/view/11939/feel_the_beat/,Feel the Beat,2020,1,False,2025-11-10 02:37:35
27847051,/view/11938/the_secret_agent/,The Secret Agent,2025,3,False,2025-11-08 22:48:38
38367304,/view/11937/taylor_swift_|_the_official_release_party_of_a_showgirl/,Taylor Swift | The Official Release Party of a Showgirl,2025,3,False,2025-11-08 10:48:31
7422822,/view/11936/greener_grass/,Greener Grass,2019,3,False,2025-11-08 02:39:30
29895037,/view/11935/star_wars_vii:_the_force_awakens/,Star Wars VII: The force awakens,2015,3,True,2025-11-06 08:34:48
13186482,/view/11931/mufasa/,mufasa,2024,1,False,2025-11-02 21:17:59
0004873,/view/11930/alice_in_wonderland/,Alice in Wonderland,1915,3,False,2025-11-02 10:06:55
0381971,/view/11929/curious_george/,Curious George,2006,1,False,2025-11-02 04:27:02
19079668,/view/11926/fatal_rejuvenation/,Fatal Rejuvenation,2022,1,False,2025-10-28 18:21:36
10676052,/view/11925/the_fantastic_four:_first_steps/,The Fantastic Four: First Steps,2025,1,False,2025-10-27 08:07:36
32820897,/view/11924/demon_slayer_infinity_castle/,Demon Slayer Infinity Castle,2025,2,False,2025-10-27 04:59:28
18108824,/view/11921/the_friend/,The Friend,2024,3,False,2025-10-26 01:32:00
31241595,/view/11920/zombies_4:_dawn_of_the_vampires/,Zombies 4: Dawn of the Vampires,2025,1,False,2025-10-24 18:50:48
1118511,/view/11918/wallace_&_gromit:_a_matter_of_loaf_&_death/,Wallace & Gromit: A Matter of Loaf & Death,2008,2,True,2025-10-23 01:45:43
0091455,/view/11917/luxo_jr/,Luxo Jr,1986,0,False,2025-10-23 01:37:00
6172460,/view/11916/rocko's_modern_life:_static_cling/,Rocko's Modern Life: Static Cling,2019,3,True,2025-10-23 01:24:44
0287945,/view/11915/bubsy:_what_could_possibly_go_wrong?/,Bubsy: What Could Possibly Go Wrong?,1993,3,True,2025-10-23 01:04:31
0108598,/view/11914/the_wrong_trousers/,The Wrong Trousers,1993,0,False,2025-10-22 23:28:32
1256535,/view/11913/ratatoing/,Ratatoing,2007,2,True,2025-10-22 23:24:47
7961060,/view/11911/dragon_ball_super:_broly/,Dragon Ball Super: Broly,2018,3,False,2025-10-21 18:47:23
0040336,"/view/11910/fado,_a_singer's_story/","Fado, a Singer's Story",1947,3,True,2025-10-21 10:11:57
29644189,/view/11909/the_black_phone_2/,The black phone 2,2025,3,False,2025-10-20 17:38:15
0123964,/view/11908/life/,Life,1999,1,False,2025-10-20 04:44:31
9048804,/view/11907/birth-rebirth/,Birth/Rebirth,2023,3,False,2025-10-19 23:33:17
3759370,/view/11906/diamant_noir/,Diamant noir,2016,0,False,2025-10-19 08:23:27
30472557,/view/11903/chainsaw_man_-_the_movie:_reze_arc/,Chainsaw Man - The Movie: Reze Arc,2025,3,False,2025-10-13 11:58:27
8155182,/view/11901/leprechaun_returns/,Leprechaun Returns,2018,3,False,2025-10-12 06:07:08
11649338,/view/11898/black_friday/,Black Friday,2021,3,False,2025-10-04 14:18:31
36491653,/view/11897/it_was_just_an_accident/,It was just an accident,2025,2,False,2025-10-03 11:51:52
0106246,/view/11895/alive/,Alive,1993,3,True,2025-10-01 22:48:04
11426232,/view/11894/totally_killer/,Totally Killer,2023,3,False,2025-10-01 18:31:42
10374610,/view/11892/the_long_walk/,The Long Walk,2025,1,False,2025-09-29 14:40:14
30144839,/view/11887/one_battle_after_another/,One Battle After Another,2025,3,False,2025-09-27 05:14:42
5264838,/view/11886/crater/,Crater,2023,1,False,2025-09-27 03:04:59
13654226,/view/11885/the_gorge/,The Gorge,2025,1,False,2025-09-26 01:29:43
11235772,/view/11883/the_voyeurs/,The Voyeurs,2021,3,False,2025-09-25 18:20:17
1398940,/view/11880/barbie:_thumbelina/,Barbie: Thumbelina,2009,3,False,2025-09-23 18:37:48
1201561,/view/11879/barbie:_mariposa/,Barbie: Mariposa,2008,3,False,2025-09-23 18:19:05
27714581,/view/11878/sentimental_value/,Sentimental Value,2025,3,False,2025-09-23 16:41:02
0272020,/view/11868/the_last_castle/,The Last Castle,2001,0,False,2025-09-17 23:59:42
1927093,/view/11867/fred_2:_night_of_the_living_fred/,Fred 2: Night of the Living Fred,2011,3,False,2025-09-16 23:58:27
0098055,/view/11866/palombella_rossa/,Palombella rossa,1989,0,False,2025-09-16 12:14:22
0055069,/view/11865/the_ladies_man/,The Ladies Man,1961,2,False,2025-09-14 02:26:51
14097180,/view/11864/somewhere_in_queens/,Somewhere In Queens,2022,3,False,2025-09-14 00:53:24
0055740,/view/11863/almost_angels/,Almost Angels,1962,0,False,2025-09-13 07:46:29
26584495,/view/11857/companion/,Companion,2025,3,True,2025-09-09 12:56:52
0095488,/view/11853/the_lair_of_the_white_worm_/,The lair of the white worm ,1988,3,False,2025-09-04 23:47:43
3402138,/view/11852/the_naked_gun/,The Naked Gun,2025,1,False,2025-09-04 20:53:51
31392609,/view/11851/how_to_make_millions_before_grandma_dies/,How to Make Millions Before Grandma Dies,2024,3,False,2025-09-01 23:22:32
0406706,/view/11849/devour/,DeVour,2005,1,False,2025-08-28 00:12:16
1730768,/view/11848/the_zookeeper's_wife/,The Zookeeper's Wife,2017,3,True,2025-08-25 08:31:20
31956415,/view/11847/freakier_friday/,Freakier Friday,2025,3,False,2025-08-24 04:29:30
0775425,/view/11846/barbie_fairytopia:_mermaidia/,Barbie Fairytopia: Mermaidia,2006,3,False,2025-08-20 20:38:17
27983993,/view/11845/to_kill_a_wolf/,To Kill A Wolf,2025,3,False,Dave 
21375602,/view/11838/love_me/,Love Me,2024,1,True,2025-08-18 14:15:30
26581740,/view/11837/weapons/,Weapons,2025,2,False,2025-08-16 06:33:07
0031448,/view/11836/the_hound_of_the_baskervilles/,The Hound of the Baskervilles,1939,2,False,2025-08-15 19:05:28
21626284,/view/11835/laapataa_ladies/,Laapataa Ladies,2023,3,False,2025-08-15 08:02:06
0064603,/view/11833/the_love_bug/,The Love Bug,1968,0,False,2025-08-12 22:26:29
0058672,/view/11831/topkapi/,Topkapi,1964,1,False,2025-08-09 20:18:36
31121295,/view/11830/deep_cover/,Deep Cover,2025,3,False,2025-08-09 08:58:18
0113187,/view/11829/godzilla_vs._destoroyah/,Godzilla vs. Destoroyah,1995,3,True,2025-08-05 15:59:46
2597892,/view/11828/viral/,Viral,2016,3,False,2025-08-05 14:09:30
30505698,/view/11827/friendship/,Friendship,2024,0,False,2025-07-31 06:56:28
31868189,/view/11826/happy_gilmore_2/,Happy Gilmore 2,2025,1,False,2025-07-30 21:48:14
30017619,/view/11825/the_bad_guys_2/,The Bad Guys 2,2025,3,False,2025-07-29 19:05:53
19758012,/view/11824/chile_'76/,Chile '76,2022,3,False,2025-07-28 01:31:35
0043067,/view/11823/treasure_island/,Treasure Island,1950,0,False,2025-07-22 00:22:42
0309721,/view/11822/the_island_of_doctor_agor/,The Island of Doctor Agor,1971,0,False,2025-07-20 17:30:56
12441478,/view/11821/âya_to_majo_(earwig_and_the_witch)/,Âya to majo (Earwig and the Witch),2020,3,False,2025-07-20 17:18:41
0206013,/view/11820/h&#333;hokekyo_tonari_no_yamada-kun_(my_neighbors_the_yamadas/,H&#333;hokekyo Tonari no Yamada-kun (My Neighbors the Yamadas,1999,3,False,2025-07-20 15:15:09
7181546,/view/11818/ballerina/,Ballerina,2025,1,False,2025-07-18 12:25:13
31036941,/view/11816/jurassic_world_rebirth/,Jurassic World Rebirth,2025,3,False,2025-07-17 19:05:37
31193791,/view/11815/the_last_showgirl/,The Last Showgirl,2024,1,False,2025-07-17 09:39:34
33298252,/view/11814/rabia/,Rabia,2024,1,True,2025-07-17 09:37:05
5950044,/view/11811/superman/,Superman,2025,2,False,2025-07-11 05:54:39
14858658,/view/11807/blink_twice/,Blink Twice,2024,3,False,2025-07-08 11:43:06
26753003,/view/11806/trap/,Trap,2024,2,False,2025-07-08 10:37:10
7946422,/view/11804/prospect/,Prospect,2018,3,True,2025-07-07 20:25:58
21942598,/view/11803/freaky_tales/,Freaky Tales,2024,3,False,2025-07-07 16:25:30
20916568,/view/11802/the_wrath_of_becky/,The Wrath Of Becky,2023,3,False,2025-07-07 12:19:46
16311594,/view/11799/f1_the_movie/,F1 The Movie,2025,1,False,2025-06-30 04:06:43
0116409,/view/11798/ghost_and_the_darkness/,Ghost and the Darkness,1996,0,False,2025-06-29 23:38:31
32214413,/view/11797/the_wedding_banquet/,The Wedding Banquet,2025,3,False,2025-06-27 18:25:24
11252440,/view/11795/psycho_goreman/,Psycho Goreman,2020,3,False,2025-06-24 16:16:06
14205554,/view/11794/kpop_demon_hunters/,KPop Demon Hunters,2025,3,False,2025-06-21 16:16:45
27155038,/view/11793/ruby_gillman:_teenage_kraken/,Ruby Gillman: Teenage Kraken,2023,3,False,2025-06-17 07:26:56
0232750,/view/11791/sílene_smutná_princezna/,Sílene smutná princezna,1968,0,False,2025-06-14 19:14:51
0176345,/view/11790/zlaté_kapradí/,Zlaté kapradí,1963,1,False,2025-06-14 19:13:08
0184316,/view/11789/byl_jednou_jeden_král/,Byl jednou jeden král,1955,3,False,2025-06-14 19:10:55
0052721,/view/11788/da&#345;buján_a_pandrhola/,Da&#345;buján a Pandrhola,1960,1,False,2025-06-14 19:03:53
30253473,/view/11787/materialists/,Materialists,2025,3,False,2025-06-14 02:36:46
32550101,/view/11786/straw/,Straw,2025,3,False,2025-06-13 23:51:05
30840798,/view/11785/the_phoenician_scheme/,The Phoenician Scheme,2025,3,True,2025-06-10 21:58:05
14852624,/view/11784/stopmotion/,Stopmotion,2023,3,False,2025-06-10 15:18:42
0058785,/view/11783/backfire/,Backfire,1964,1,False,2025-06-05 21:00:56
11209212,/view/11781/see_for_me/,See For Me,2021,3,False,2025-06-03 14:21:48
0108186,/view/11780/son_in_law/,Son In Law,1993,3,False,2025-06-03 00:24:44
29603959,/view/11779/novocaine/,Novocaine,2025,1,False,2025-05-27 14:51:10
9603208,/view/11778/mission:_impossible_-_the_final_reckoning/,Mission: Impossible - The Final Reckoning,2025,3,True,2025-05-25 10:12:47
33050528,/view/11776/colorful_stage!_the_movie:_a_miku_who_can't_sing/,Colorful Stage! The Movie: A Miku Who Can't Sing,2025,3,False,2025-05-24 12:07:01
1867101,/view/11775/thermae_romae/,Thermae Romae,2012,3,True,2025-05-24 12:05:05
28309594,/view/11772/nonnas/,Nonnas,2025,3,False,2025-05-18 21:41:35
9619824,/view/11693/final_destination:_bloodlines/,Final Destination: Bloodlines,2025,3,False,2025-05-10 14:41:21
20969586,/view/11689/thunderbolts*/,Thunderbolts*,2025,3,False,2025-05-04 06:10:56
23476986,/view/11688/g20/,G20,2025,3,False,2025-05-02 14:34:46
21651430,/view/11687/the_people's_joker/,The People's Joker,2022,3,False,2025-05-02 03:55:10
2235695,/view/11686/rebecca/,Rebecca,2020,3,False,2025-05-01 01:36:07
6865690,/view/11685/the_professor/,The Professor,2018,3,False,2025-04-30 17:40:41
11204094,/view/11684/the_duke/,The Duke,2020,3,False,2025-04-30 17:17:00
12672536,/view/11682/the_three_musketeers_-_part_i:_d'artagnan/,The Three Musketeers - Part I: D'Artagnan,2023,1,False,2025-04-29 10:51:41
14138650,/view/11681/the_pale_blue_eye/,The Pale Blue Eye,2022,1,False,2025-04-28 21:50:11
12380422,/view/11680/the_subtle_art_of_not_giving_a_f*ck/,The Subtle Art of Not Giving a F*ck,2023,0,False,2025-04-28 20:42:47
21823606,/view/11679/a_real_pain/,A Real pain,2024,2,False,2025-04-26 23:56:37
26677014,/view/11678/the_penguin_lessons_/,The Penguin Lessons ,2024,1,False,2025-04-26 23:44:47
4216984,/view/11677/wolf_man/,Wolf Man,2025,2,False,2025-04-18 15:45:13
31193180,/view/11676/sinners/,Sinners,2025,3,False,2025-04-18 15:31:20
8790086,/view/11671/kraven_the_hunter/,Kraven the Hunter,2024,0,False,2025-04-09 17:42:30
15268244,/view/11668/joyride/,Joyride,2023,3,False,2025-04-07 17:07:55
6208148,/view/11667/snow_white/,Snow White,2025,2,False,2025-04-07 03:25:39
32221196,/view/11666/one_of_them_days/,One of Them Days,2025,1,False,2025-04-07 01:07:43
3566834,/view/11663/a_minecraft_movie/,A Minecraft Movie,2025,2,False,2025-04-05 16:15:57
16969708,/view/11662/scott_pilgrim_takes_off/,Scott Pilgrim Takes Off,2023,3,False,2025-04-03 14:49:08
0457993,/view/11661/lilo_&_stitch_2:_stitch_has_a_glitch/,Lilo & Stitch 2: Stitch Has a Glitch,2005,3,False,2025-03-30 09:33:37
0104361,/view/11660/wallace_&_gromit:_a_grand_day_out/,Wallace & Gromit: A Grand Day Out,1989,0,False,2025-03-27 23:24:45
0205493,/view/11659/vacanze_di_natale/,Vacanze di natale,1983,2,True,2025-03-27 22:08:38
0092587,/view/11658/assault_of_the_killer_bimbos/,Assault of the Killer Bimbos,1988,3,False,
31015278,/view/11653/my_favourite_cake/,My Favourite Cake,2024,3,False,2025-03-22 08:12:58
6874690,/view/11652/the_rule_of_jenny_pen/,The Rule of Jenny Pen,2024,1,False,2025-03-22 08:05:41
32060445,/view/11651/sister_midnight/,Sister Midnight,2024,3,False,2025-03-22 08:02:04
22207786,/view/11647/red_rooms/,Red Rooms,2023,3,False,2025-03-16 22:47:55
0200659,/view/11646/ghostwatch/,Ghostwatch,1992,3,False,2025-03-14 03:38:56
26470109,/view/11645/oddity/,Oddity,2024,3,False,2025-03-14 03:24:56
0096142,/view/11644/sorority_babes_in_the_slimeball_bowl-o-rama/,Sorority Babes in the Slimeball Bowl-O-Rama,1988,3,True,2025-03-13 02:35:00
16431966,/view/11641/sometimes_i_think_about_dying/,Sometimes I Think About Dying,2023,3,False,2025-03-11 21:39:59
0365960,/view/11640/zero_day/,Zero Day,2003,0,False,2025-03-11 08:31:02
20850406,/view/11639/sita_ramam/,Sita Ramam,2022,1,True,2025-03-11 07:19:26
5822536,/view/11638/paddington_in_peru/,Paddington in Peru,2024,3,True,2025-03-10 21:27:17
0064068,/view/11634/funeral_parade_of_roses/,Funeral Parade of Roses,1969,3,False,2025-03-09 19:17:39
30327451,/view/11633/the_marching_band_(en_fanfare)/,The marching band (En fanfare),2024,2,False,2025-03-08 21:06:55
0099703,/view/11632/the_grifters/,The Grifters,1990,3,False,2025-03-07 07:28:44
12299608,/view/11626/mickey_17/,Mickey 17,2025,2,False,2025-03-05 20:20:57
10627720,/view/11625/nezha/,NeZha,2019,0,False,2025-03-04 03:35:32
34956443,/view/11624/nezha_2/,NeZha 2,2025,1,True,2025-03-04 03:32:35
14403504,/view/11623/last_breath/,Last Breath,2025,1,False,2025-03-03 04:29:24
10954718,/view/11616/dog_man/,Dog Man,2025,3,False,2025-03-01 05:05:15
18162096,/view/11615/do_not_expect_too_much_from_the_end_of_the_world/,Do Not Expect Too Much From the End of the World,2023,3,False,2025-02-28 15:08:56
0214915,/view/11613/manichithrathazhu/,Manichithrathazhu,1993,3,False,2025-02-23 09:17:17
32813922,/view/11612/legally_bond/,Legally Bond,2023,3,False,2025-02-20 13:41:13
32434379,/view/11611/my_fault:_london/,My Fault: London,2025,3,False,2025-02-20 08:29:35
14513804,/view/11610/captain_america:_brave_new_world/,Captain America: Brave New World,2025,1,False,2025-02-19 15:56:12
26625693,/view/11608/the_order/,The Order,2024,1,False,
8999762,/view/11606/the_brutalist/,The Brutalist,2024,2,True,2025-02-09 08:57:59
14301252,/view/11605/zombies_3/,Zombies 3,2022,3,False,2025-02-08 21:43:44
0327785,/view/11603/the_killers_game/,The Killers Game,2025,3,True,2025-02-04 06:50:57
23468450,/view/11602/longlegs/,Longlegs,2024,3,False,2025-02-03 23:48:20
14961016,/view/11593/i'm_still_here/,I'm still here,2024,3,False,2025-01-23 17:06:17
14813212,/view/11591/the_munsters/,The Munsters,2022,3,True,2025-01-18 23:51:01
0056282,/view/11590/no_exit/,No Exit,1962,3,False,Cyr 
14893438,/view/11589/wish_you_were_here/,Wish You Were Here,2025,3,False,2025-01-18 21:42:46
26342673,/view/11588/about_thirty/,About thirty,2023,3,False,2025-01-16 18:04:21
32439604,/view/11587/xiong_shi_shao_nian_2/,Xiong Shi Shao Nian 2,2024,0,False,2025-01-16 16:52:25
3234122,/view/11584/widow_clicquot/,Widow Clicquot,2023,3,False,2025-01-09 09:02:09
0267536,/view/11554/grandma_got_run_over_by_a_reindeer/,Grandma Got Run Over by a Reindeer,2000,3,False,2025-01-04 08:06:00
21097228,/view/11553/a_different_man/,A Different Man,2024,0,False,2025-01-03 04:54:21
8368368,/view/11552/the_apprentice/,The Apprentice,2024,1,False,2025-01-03 04:12:10
22893404,/view/11551/maria/,Maria,2024,3,False,2025-01-03 03:57:51
23770030,/view/11550/memoir_of_a_snail/,Memoir of a Snail,2024,3,False,2025-01-03 03:54:35
6133444,/view/11549/the_fire_inside/,The Fire Inside,2024,3,False,2024-12-31 06:42:17
20215968,/view/11548/hit_man/,Hit Man,2023,1,False,2024-12-30 06:50:38
12810074,/view/11547/nightbitch/,Nightbitch,2024,3,False,2024-12-30 06:44:03
28479262,/view/11546/sing_sing/,Sing Sing,2023,0,False,2024-12-30 06:39:43
11563598,/view/11545/a_complete_unknown/,A Complete Unknown,2024,1,False,2024-12-30 06:35:59
5112584,/view/11544/lee/,Lee,2024,3,False,2024-12-30 06:30:08
30057084,/view/11543/babygirl/,Babygirl,2024,3,False,2024-12-30 06:21:09
29623480,/view/11542/the_wild_robot/,The Wild Robot,2024,0,True,2024-12-30 06:15:54
4772188,/view/11540/flow/,Flow,2024,0,False,2024-12-30 05:59:04
20215234,/view/11539/conclave/,Conclave,2024,0,False,2024-12-30 05:51:02
32086077,/view/11538/all_we_imagine_as_light/,All We Imagine as Light,2024,3,False,2024-12-30 05:44:28
0104073,/view/11537/deep_cover/,Deep Cover,1992,1,False,2024-12-30 00:00:50
14253846,/view/11536/speak_no_evil/,Speak No Evil,2022,3,False,2024-12-29 23:33:14
20221436,/view/11535/emilia_peréz/,Emilia Peréz,2024,3,False,2024-12-29 22:26:37
15028452,/view/11534/baby_assasins/,Baby Assasins,2021,3,False,2024-12-29 19:47:58
5040012,/view/11531/nosferatu/,Nosferatu,2024,3,True,2024-12-25 15:22:57
8328716,/view/11530/doom:_annihilation/,Doom: Annihilation,2019,2,False,2024-12-25 01:45:27
27403986,/view/11528/juror_#2/,Juror #2,2024,2,False,2024-12-24 12:11:46
18259086,/view/11527/sonic_the_hedgehog_3/,Sonic the Hedgehog 3,2024,1,False,2024-12-23 19:53:19
27196021,/view/11526/small_things_like_these/,Small Things Like These,2024,3,False,2024-12-22 10:44:07
21382296,/view/11524/carry-on/,Carry-On,2024,3,False,2024-12-14 05:26:23
27218960,/view/11522/y2k/,Y2K,2024,3,True,2024-12-11 21:56:55
7737224,/view/11521/turtles_all_the_way_down/,Turtles All The Way Down,2024,3,True,2024-12-09 23:04:53
13622970,/view/11520/moana_2/,Moana 2,2024,3,False,2024-12-09 22:00:05
32424777,/view/11519/nugget_is_dead?:_a_christmas_story/,Nugget is Dead?: A Christmas Story,2024,3,False,2024-12-07 10:46:57
26237514,/view/11518/bonhoeffer:_pastor._spy._assassin./,Bonhoeffer: Pastor. Spy. Assassin.,2024,3,True,2024-12-05 06:55:09
0059798,/view/11517/a_thousand_clowns/,A Thousand Clowns,1965,0,False,2024-12-04 02:23:02
0069005,/view/11516/night_of_the_lepus/,Night of the Lepus,1972,3,False,2024-12-02 19:38:21
13566172,/view/11515/the_dive/,The Dive,2023,1,False,2024-12-01 11:38:11
24176060,/view/11513/queer/,Queer,2024,1,False,2024-11-28 00:58:41
31807233,/view/11510/her_story/,Her Story,2024,3,False,2024-11-25 07:22:12
1262426,/view/11509/wicked:_part_1/,Wicked: Part 1,2024,3,False,2024-11-25 01:51:04
9218128,/view/11508/gladiator_ii/,Gladiator II,2024,1,False,2024-11-23 21:24:02
27410895,/view/11507/let_go/,Let Go,2024,3,False,2024-11-23 13:42:59
0120188,/view/11506/three_kings/,Three Kings,1999,2,False,2024-11-23 12:07:37
7215232,/view/11505/spellbound/,Spellbound,2024,3,False,2024-11-23 11:45:17
8085790,/view/11504/little/,Little,2019,3,False,2024-11-23 03:07:08
14757872,/view/11503/midnight/,Midnight,2021,1,False,2024-11-22 06:15:10
14097206,/view/11502/the_unlikely_pilgrimage_of_harold_fry/,The Unlikely Pilgrimage of Harold Fry,2023,2,False,2024-11-21 23:42:58
32178949,/view/11501/the_seed_of_the_sacred_fig/,The Seed of The Sacred Fig,2024,3,False,2024-11-21 15:36:30
14948432,/view/11500/red_one/,Red One,2024,1,False,2024-11-19 17:59:54
11315808,/view/11499/joker:_folie_à_deux/,Joker: Folie à Deux,2024,2,False,2024-11-18 17:05:37
7334528,/view/11498/uncle_drew/,Uncle Drew,2018,2,False,2024-11-17 20:31:38
23642744,/view/11497/night_of_the_hunted/,Night of the Hunted,2023,1,False,2024-11-13 00:13:21
28607951,/view/11496/anora/,Anora,2024,3,True,2024-11-12 11:54:38
0051516,/view/11495/damn_yankees/,Damn Yankees,1958,2,False,2024-11-10 06:20:21
31711040,/view/11494/look_back/,Look Back,2024,3,False,2024-11-09 14:34:25
21830902,/view/11493/upgraded/,Upgraded,2024,3,False,2024-11-09 13:03:37
28015403,/view/11492/heretic/,Heretic,2024,3,False,2024-11-09 01:33:43
15340724,/view/11491/20th_century_girl/,20th Century Girl,2022,2,False,2024-11-07 04:02:38
0069332,/view/11490/super_fly/,Super Fly,1972,1,False,2024-11-06 21:59:08
0151467,/view/11489/make_mine_freedom/,Make Mine Freedom,1948,0,False,2024-11-03 23:15:24
0473389,/view/11488/the_ron_clark_story_/,The Ron Clark Story ,2006,1,False,2024-11-03 14:24:00
3420504,/view/11486/finch/,Finch,2021,0,False,2024-11-02 08:55:02
0104647,/view/11485/kuffs/,Kuffs,1992,0,False,Forrest 
27490099,/view/11484/beating_hearth/,Beating Hearth,2024,2,False,2024-10-28 23:41:27
26674818,/view/11483/tatami/,Tatami,2023,3,False,2024-10-25 21:59:31
9873892,/view/11482/they_cloned_tyrone/,They Cloned Tyrone,2023,2,True,2024-10-24 10:52:27
12004038,/view/11480/watcher/,Watcher,2022,3,False,2024-10-24 10:13:14
27911000,/view/11479/terrifier_3/,Terrifier 3,2024,3,False,2024-10-24 03:06:17
4196566,/view/11478/the_deliverance/,The Deliverance,2024,3,False,2024-10-23 16:52:19
10172266,"/view/11477/red,_white_&_royal_blue/","Red, White & Royal Blue",2023,2,False,2024-10-23 06:32:28
13472984,/view/11476/two_distant_strangers/,Two Distant Strangers,2020,0,False,2024-10-23 05:56:29
10128846,/view/11474/megalopolis/,Megalopolis,2024,2,False,2024-10-18 06:27:11
14546228,/view/11473/marginalizedaadhaar/,MarginalizedAadhaar,2021,1,False,2024-10-17 15:00:15
10399608,/view/11472/piggy/,Piggy,2022,3,False,2024-10-16 01:29:45
12712604,/view/11471/the_miracle_club/,The Miracle Club,2023,3,False,2024-10-10 14:37:51
8864596,/view/11470/transformers_one/,Transformers One,2024,1,False,
27131358,/view/11468/we_live_in_time/,We Live in Time,2024,3,False,2024-10-06 14:08:18
14755038,/view/11467/lullaby/,Lullaby,2022,3,False,2024-10-05 22:31:36
3013528,/view/11465/the_harry_hill_movie/,The Harry Hill Movie,2013,3,False,2024-10-03 16:09:13
27489557,/view/11463/abigail/,Abigail,2024,3,False,2024-09-30 20:46:19
22072316,/view/11462/the_planters_plantation/,The Planters Plantation,2022,3,False,2024-09-29 20:33:17
0049261,/view/11461/giant/,Giant,1956,3,False,2024-09-28 19:17:25
18924468,/view/11460/message_and_the_messenger/,Message and the Messenger,2022,3,False,2024-09-27 01:07:58
17526714,/view/11459/the_substance/,The Substance,2024,1,True,2024-09-26 12:40:20
21187072,/view/11458/the_queen_of_villains/,The Queen of Villains,2024,3,True,2024-09-25 03:35:41
12818328,/view/11457/hundreds_of_beavers/,Hundreds of Beavers,2022,0,False,2024-09-24 00:17:24
33343397,/view/11456/dan_da_dan:_first_encounter/,Dan Da Dan: First Encounter,2024,3,False,2024-09-23 04:10:21
1017465,/view/11455/twitches_too/,Twitches too,2007,3,False,2024-09-22 18:39:01
15574270,/view/11454/i_saw_the_tv_glow/,I Saw The TV Glow,2024,3,False,2024-09-21 19:43:16
17279496,/view/11453/civil_war/,Civil War,2024,3,False,2024-09-20 20:50:30
0264796,/view/11452/life_as_a_house/,Life as a House,2001,3,True,2024-09-16 22:49:33
26350277,/view/11451/ballerina/,Ballerina,2023,1,False,2024-09-13 14:26:35
18412256,/view/11450/alien:_romulus/,Alien: Romulus,2024,3,False,2024-09-09 00:02:55
2049403,/view/11449/beetlejuice_beetlejuice/,Beetlejuice Beetlejuice,2024,3,True,2024-09-08 16:31:10
0115819,/view/11447/cannibal!_the_musical/,Cannibal! the Musical,1980,3,False,2024-09-06 22:17:33
1395146,/view/11446/teketeke/,Teketeke,2009,3,False,2024-08-31 23:59:46
1946502,/view/11445/uglydolls/,Uglydolls,2019,3,True,2024-08-31 16:28:55
10229982,/view/11444/my_first_summer/,My First Summer,2020,3,False,2024-08-25 09:02:05
5501104,/view/11443/border/,Border,2018,3,False,2024-08-23 13:35:20
11930126,/view/11442/alcarràs/,Alcarràs,2022,3,False,2024-08-23 08:22:49
0068615,/view/11440/the_frogs/,The Frogs,1972,3,False,2024-08-21 08:53:56
7886936,/view/11439/dating_amber/,Dating Amber,2020,3,True,2024-08-21 02:23:12
1896747,/view/11438/fly_me_to_the_moon/,Fly me to the moon,2024,3,False,2024-08-16 01:50:30
13309742,/view/11437/blue_eyed_samurai/,Blue Eyed Samurai,2023,3,True,2024-08-14 21:13:03
0115734,/view/11436/bottle_rocket/,Bottle Rocket,1996,2,True,2024-08-14 04:02:57
9357860,/view/11435/the_hopeful/,The Hopeful,2024,3,False,2024-08-12 03:41:14
10655524,/view/11434/it_ends_with_us/,It ends with us,2024,3,True,2024-08-12 02:16:56
11947100,/view/11433/love_in_taipei/,Love in Taipei,2023,3,False,2024-08-12 02:11:56
0106936,/view/11429/fong_sai_yuk/,Fong Sai Yuk,1993,3,True,2024-07-31 19:43:05
11165716,/view/11428/north_hollywood/,North Hollywood,2021,1,False,2024-07-30 16:22:11
19407666,/view/11427/double_down_south/,Double Down South,2022,3,False,2024-07-29 15:58:29
13433802,/view/11424/a_quiet_place:_day_one/,A Quiet Place: Day One,2024,1,False,2024-07-29 01:30:13
9507234,/view/11423/digimon_adventure:_last_evolution_kizuna/,Digimon Adventure: Last Evolution Kizuna,2020,3,False,2024-07-28 10:39:00
6263850,/view/11422/deadpool_&_wolverine/,Deadpool & Wolverine,2024,1,False,2024-07-27 05:16:38
11773810,/view/11421/invitation_to_a_murder/,Invitation to a Murder,2023,3,False,2024-07-26 08:48:00
0216651,/view/11420/vampire_hunter_d:_bloodlust/,Vampire Hunter D: Bloodlust,2000,3,True,2024-07-24 04:01:51
0235608,/view/11419/the_bat_woman/,The Bat Woman,1968,3,False,2024-07-24 00:44:22
12584954,/view/11418/twisters/,Twisters,2024,3,False,2024-07-21 23:43:06
0057277,/view/11416/mahanagar/,Mahanagar,1963,3,False,2024-07-21 06:00:23
13648228,/view/11415/how_it_ends/,How it ends,2021,3,False,2024-07-18 16:43:59
32537777,/view/11414/ullozhukku/,Ullozhukku,2024,3,False,2024-07-17 02:38:55
14561712,/view/11413/la_chimera/,La chimera,2023,3,False,2024-07-17 00:13:08
1562872,/view/11412/zindagi_na_milegi_dobara/,Zindagi Na Milegi Dobara,2011,2,False,2024-07-16 19:52:55
1684562,/view/11411/the_fall_guy/,The Fall Guy,2024,3,False,2024-07-15 18:29:46
20202136,/view/11409/descendants:_the_rise_of_red/,Descendants: The Rise of Red,2024,3,False,2024-07-14 17:03:35
6193408,/view/11405/a_shaun_the_sheep_movie:_farmageddon/,A Shaun the Sheep Movie: Farmageddon,2019,0,False,2024-07-12 01:57:06
1001520,/view/11404/the_last_voyage_of_the_demeter/,The Last Voyage of the Demeter,2023,0,False,2024-07-11 14:12:13
6900448,/view/11403/mirai/,Mirai,2018,0,False,2024-07-10 08:02:46
22048412,/view/11402/maxxxine/,MaXXXine,2024,3,False,2024-07-07 01:08:59
13968674,/view/11401/fingernails/,Fingernails,2023,2,False,2024-07-06 01:23:49
23327624,/view/11400/dounia_and_the_princess_of_aleppo/,Dounia and the Princess of Aleppo,2023,3,False,2024-07-06 01:17:41
11225626,/view/11399/am_i_ok?/,Am I OK?,2024,3,False,2024-07-06 00:38:45
1641384,/view/11398/young_justice/,Young justice,2010,3,False,2024-07-05 14:20:26
12735488,/view/11397/kalki_2898_ad/,Kalki 2898 AD,2024,1,False,2024-07-04 18:47:11
10160976,/view/11396/the_nun_ii/,The nun II,2023,3,False,2024-07-04 18:43:53
13632182,/view/11395/christmas_at_the_ranch/,Christmas at the Ranch,2021,1,True,2024-07-02 13:52:43
0071746,/view/11394/lenny/,Lenny,1974,2,False,2024-06-30 23:53:34
21454134,/view/11393/the_bikeriders/,The Bikeriders,2024,1,False,2024-06-29 11:30:45
0790804,/view/11392/the_comebacks/,The Comebacks,2007,1,False,2024-06-29 04:57:25
1449175,/view/11391/hamlet/,Hamlet,2009,1,False,2024-06-26 22:37:44
0898889,/view/11390/alice_in_wonderland/,Alice in Wonderland,1995,3,True,2024-06-26 22:34:48
2503944,/view/11389/burnt/,Burnt,2015,3,True,2024-06-26 17:52:18
8652728,/view/11388/un_momento_en_el_tiempo:_olas/,Un momento en el tiempo: olas,2019,3,True,2024-06-25 18:21:14
2234498,/view/11387/angelina_ballerina:_shining_star_trophy_movie/,Angelina Ballerina: Shining Star Trophy Movie,2011,3,False,2024-06-25 05:43:17
26736843,/view/11386/the_watchers/,The Watchers,2024,3,False,2024-06-25 01:01:11
14682800,/view/11385/tuesday/,Tuesday,2023,3,False,2024-06-25 01:00:07
7461686,/view/11384/daddio/,Daddio,2023,0,False,2024-06-25 00:58:44
22408160,/view/11383/kinds_of_kindness/,Kinds of Kindness,2024,3,False,2024-06-25 00:48:21
20221208,/view/11382/cora_bora/,Cora Bora,2023,3,False,2024-06-25 00:47:17
15782954,/view/11381/fresh_kills/,Fresh Kills,2023,3,False,2024-06-25 00:45:01
23330554,/view/11380/winnie_the_pooh:_blood_and_honey_2/,Winnie The Pooh: Blood and Honey 2,2024,1,False,2024-06-24 01:37:07
21337754,/view/11379/a_little_family_drama/,A Little Family Drama,2024,3,False,2024-06-22 21:26:44
5177120,/view/11378/the_ministry_of_ungentlemanly_warfare/,The Ministry of Ungentlemanly Warfare,2024,0,False,2024-06-22 21:02:17
0093677,/view/11377/opera/,Opera,1987,3,False,2024-06-21 19:33:55
9023744,/view/11376/jeune_juliette/,Jeune Juliette,2019,3,False,2024-06-21 19:24:14
4919268,/view/11375/bad_boy:_ride_or_die/,Bad Boy: Ride Or Die,2024,3,False,2024-06-20 02:54:09
22022452,/view/11374/inside_out_2/,Inside Out 2,2024,3,False,2024-06-17 21:45:59
0053137,/view/11373/on_the_beach/,On the Beach,1959,1,False,2024-06-17 01:13:56
0004134,/view/11370/hypocrites/,Hypocrites,1915,0,False,2024-06-14 23:46:16
27744786,/view/11369/shaitaan/,Shaitaan,2024,3,False,2024-06-13 15:38:50
15428134,/view/11368/dunki/,Dunki,2024,1,False,2024-06-13 15:24:19
0347304,/view/11367/kal_ho_naa_ho/,Kal Ho Naa Ho,2003,3,False,2024-06-13 15:17:59
9214772,/view/11366/monkey_man/,Monkey Man,2024,3,False,2024-06-13 15:08:21
1751105,/view/11365/my_little_pony/,My Little Pony,2005,1,True,2024-06-13 13:51:31
10242388,/view/11364/last_seen_alive/,Last Seen Alive,2022,1,False,2024-05-28 21:15:31
12037194,/view/11363/furiosa:_a_mad_max_saga/,Furiosa: A Mad Max Saga,2024,3,False,2024-05-28 19:45:51
0175536,/view/11362/freeway_ii:_confessions_of_a_trickbaby/,Freeway II: Confessions of a Trickbaby,1999,3,False,2024-05-25 10:41:43
0094405,/view/11361/l'été_en_pente_douce/,L'été en pente douce,1986,0,False,2024-05-24 21:23:32
16426418,/view/11360/challengers/,Challengers,2024,2,False,2024-05-24 03:33:03
27503384,/view/11359/perfect_days/,Perfect Days,2023,2,False,2024-05-21 18:11:55
10826102,/view/11358/extraordinary_you/,Extraordinary You,2019,1,True,2024-05-21 04:12:35
0093295,/view/11355/jane_b._for_agnes_v./,Jane B. for Agnes V.,1988,3,False,2024-05-17 23:50:08
0065214,/view/11352/the_wild_bunch/,The Wild Bunch,1969,0,False,2024-05-16 18:42:54
9663764,/view/11351/aquaman_and_the_lost_kingdom/,Aquaman and the Lost Kingdom,2023,1,False,2024-05-13 02:35:33
21276958,/view/11350/babes/,Babes,2024,3,False,2024-05-13 02:08:55
11389872,/view/11349/kingdom_of_the_planet_of_the_apes/,Kingdom of the Planet of the Apes,2024,1,False,2024-05-13 01:08:50
8089592,/view/11348/little_fires_everywhere/,Little Fires Everywhere,2020,2,False,2024-05-10 19:18:54
0785006,/view/11347/hotel_for_dogs/,Hotel For Dogs,2009,3,False,2024-05-10 00:51:33
14088510,/view/11346/tarot/,Tarot,2024,3,False,2024-05-08 03:41:20
0120693,/view/11344/half_baked/,Half Baked,1998,1,False,2024-05-01 01:37:46
7645334,/view/11343/landscape_with_invisible_hand/,Landscape with Invisible Hand,2023,3,False,2024-05-01 01:28:43
7214954,/view/11342/luck/,Luck,2022,3,False,2024-04-30 18:54:46
9586294,/view/11341/better_days/,Better days,2019,3,False,2024-04-29 11:24:15
21423506,/view/11340/lady_parts/,Lady Parts,2024,3,False,2024-04-26 20:34:44
8458202,/view/11339/pihu/,Pihu,2018,0,False,2024-04-25 06:04:13
1213012,/view/11337/alpha_and_omega/,Alpha and Omega,2010,3,False,2024-04-23 09:17:09
21800162,/view/11336/there's_still_tomorrow/,There's Still Tomorrow,2023,3,False,2024-04-22 14:22:02
26684398,/view/11335/spy_×_family_code:_white/,Spy × Family Code: White,2023,1,False,2024-04-21 23:17:22
2016303,/view/11334/the_bricklayer/,The Bricklayer,2023,3,True,2024-04-21 18:05:18
12477480,/view/11333/decision_to_leave/,Decision To Leave,2022,3,True,2024-04-21 14:04:32
8080204,/view/11332/hypnotic/,Hypnotic,2023,3,False,2024-04-20 17:25:47
0925306,/view/11331/tyrannosaurus_azteca/,Tyrannosaurus Azteca,2007,0,False,2024-04-20 02:38:04
6479534,/view/11330/miss_back/,Miss Back,2018,1,False,2024-04-19 21:29:59
9660502,/view/11329/close/,Close,2022,1,False,2024-04-19 13:14:56
14225838,/view/11328/io_capitano/,Io Capitano,2023,0,False,2024-04-17 21:32:52
0420238,/view/11327/the_tale_of_despereaux/,the tale of Despereaux,2008,1,False,2024-04-16 20:38:00
3741634,/view/11326/tokyo_ghoul/,Tokyo Ghoul,2017,3,False,2024-04-16 02:47:59
3661210,/view/11325/the_dig/,The Dig,2021,3,False,2024-04-16 02:21:09
0062153,/view/11324/the_president's_analyst/,The President's Analyst,1967,1,False,2024-04-14 14:27:25
20234774,/view/11323/wicked_little_letters/,Wicked Little Letters,2023,3,False,2024-04-14 06:16:41
26658104,/view/11322/imaginary/,Imaginary,2024,1,False,2024-04-09 11:12:11
21909764,/view/11321/my_fault/,My Fault,2023,1,False,2024-04-08 14:32:08
0290329,/view/11319/visitor_q/,Visitor Q,2001,1,False,2024-04-05 23:55:59
19356262,/view/11318/drive-away_dolls/,Drive-Away Dolls,2024,3,False,2024-04-05 09:38:04
14539740,/view/11317/godzilla_x_kong:_new_empire/,Godzilla x Kong: New Empire,2024,3,False,
0106856,/view/11316/falling_down/,Falling Down,1993,1,False,2024-04-04 07:27:39
1172522,/view/11315/machan/,Machan,2008,1,True,2024-04-04 07:20:15
17024450,/view/11306/the_equalizer_3/,The Equalizer 3,2023,1,False,2024-03-29 22:28:51
5360952,/view/11305/the_hurricane_heist/,The Hurricane Heist,2018,1,False,2024-03-29 10:25:21
0365885,/view/11304/the_upside_of_anger/,The Upside of Anger,2005,3,False,2024-03-28 15:53:47
3359350,/view/11303/road_house/,Road House,2024,3,True,2024-03-25 11:41:18
21235248,/view/11302/ghostbusters:_frozen_empire/,Ghostbusters: Frozen Empire,2024,3,False,2024-03-25 01:55:29
6613878,/view/11301/clara/,Clara,2018,1,False,2024-03-24 06:26:16
26047818,/view/11300/anyone_but_you/,Anyone but you,2023,3,False,2024-03-22 18:00:37
13452446,/view/11299/damsel/,Damsel,2024,3,False,2024-03-22 17:56:41
0065112,/view/11298/topaz/,Topaz,1969,1,False,2024-03-21 22:01:56
27788968,/view/11297/explanation_for_everything/,Explanation For Everything,2023,2,True,2024-03-21 14:22:30
0337961,/view/11296/in_my_skin/,In My Skin,2002,3,False,2024-03-20 23:15:31
31038420,/view/11295/our_drawings/,Our Drawings,2023,3,False,2024-03-20 23:09:19
19637052,/view/11294/love_lies_bleeding/,Love Lies Bleeding,2024,3,False,2024-03-19 18:54:58
21692408,/view/11293/kung_fu_panda_4/,Kung Fu Panda 4,2024,3,False,2024-03-19 12:04:43
1579247,/view/11292/starstruck/,Starstruck,2010,2,False,2024-03-17 03:51:09
0307109,/view/11291/the_lost_skeleton_of_cadavra/,The Lost Skeleton of Cadavra,2001,3,False,
17351924,/view/11290/saltburn/,Saltburn,2023,3,True,2024-03-13 00:25:13
14351082,/view/11289/cabrini/,Cabrini,2024,1,False,2024-03-12 18:32:14
0900357,/view/11288/boogeyman_2/,Boogeyman 2,2007,3,False,2024-03-12 14:22:01
0055597,/view/11286/victim/,Victim,1961,1,False,2024-03-08 20:46:45
0057295,/view/11285/matango/,Matango,1963,3,False,2024-03-07 05:52:42
0082782,/view/11284/my_bloody_valentine/,My Bloody Valentine,1981,2,False,2024-03-07 02:30:02
16277242,/view/11283/la_sociedad_de_la_nieve/,La Sociedad de la Nieve,2023,0,False,2024-03-03 18:59:53
0236640,/view/11282/prozac_nation/,Prozac Nation,2001,3,True,2024-03-03 18:56:54
0101523,/view/11281/the_butcher's_wife/,The Butcher's wife,1991,3,False,2024-03-03 17:23:21
31122323,/view/11280/megamind_vs._the_doom_syndicate/,Megamind vs. The Doom Syndicate,2024,3,False,2024-03-02 03:15:46
21192142,/view/11278/all_of_us_strangers/,All of us strangers,2023,0,False,2024-02-29 09:31:07
15239678,/view/11277/dune:_part_two/,Dune: Part Two,2024,3,True,2024-02-29 03:37:39
21188080,/view/11276/lisa_frankenstein/,Lisa Frankenstein,2024,3,False,2024-02-28 14:00:47
18550220,/view/11275/chien_de_la_casse/,Chien de la casse,2023,1,False,2024-02-27 15:08:28
0995747,/view/11274/mermaid/,Mermaid,2007,3,True,2024-02-26 12:55:37
8105234,/view/11273/flamin’_hot/,Flamin’ Hot,2023,1,False,2024-02-25 11:37:52
5314118,/view/11272/journeyman/,Journeyman,2018,1,False,2024-02-25 11:15:51
11762114,/view/11271/mean_girls/,Mean Girls,2024,3,False,2024-02-24 15:23:38
15009428,/view/11270/argylle/,Argylle,2024,3,False,2024-02-24 15:22:43
13405778,/view/11269/insidious:_the_red_door/,Insidious: The Red Door,2023,2,False,2024-02-24 01:14:48
4495098,/view/11268/gran_turismo/,Gran Turismo,2023,1,False,2024-02-24 01:03:14
11169050,/view/11267/supernova/,Supernova,2021,2,False,2024-02-23 22:46:56
7160372,/view/11266/the_zone_of_interest/,The Zone of Interest,2023,3,False,2024-02-23 16:18:10
9066502,/view/11265/tout_ce_qu'il_me_reste_de_la_révolution/,Tout ce qu'il me reste de la révolution,2019,3,False,2024-02-19 22:39:32
2076822,/view/11264/chaos_walking/,Chaos Walking,2021,3,True,2024-02-18 19:15:59
6079772,/view/11263/the_hitman’s_apprentice/,The hitman’s apprentice,2021,3,True,2024-02-18 19:02:12
0057298,/view/11262/mclintock!/,Mclintock!,1963,3,False,2024-02-18 06:43:16
10068916,/view/11261/made_in_abyss:dawn_of_the_deep_soul/,Made in Abyss:Dawn of the Deep Soul,2020,1,True,2024-02-16 17:39:56
14362112,/view/11260/trolls_band_together/,Trolls Band Together,2023,3,False,2024-02-16 00:50:51
14230458,/view/11259/poor_things/,Poor Things,2023,3,False,2024-02-14 18:30:47
0175790,/view/11252/joseph_and_the_amazing_technicolour_dreamcoat/,Joseph and the Amazing Technicolour Dreamcoat,1999,0,False,2024-02-09 16:13:50
0117913,/view/11249/a_time_to_kill/,A time to kill,1996,1,False,2024-02-09 10:00:51
8415986,/view/11246/enquête_sur_un_scandale_d'état/,Enquête sur un scandale d'état,2021,1,False,2024-02-06 15:09:36
16909478,/view/11245/la_montagne/,La montagne,2022,0,False,2024-02-06 15:02:34
1200263,/view/11244/the_color_purple/,The Color Purple,2023,3,False,
9495224,/view/11242/black_mirror:_bandersnatch/,Black Mirror: Bandersnatch,2018,1,False,2024-02-02 23:32:21
15314262,/view/11240/the_beekeeper/,The Beekeeper,2024,3,False,2024-01-31 15:28:40
0096018,/view/11239/running_on_empty/,Running on Empty,1988,1,False,2024-01-31 08:39:45
5918090,/view/11238/i_am_not_madame_bovary/,I Am Not Madame Bovary,2016,1,False,2024-01-30 23:22:47
27649527,/view/11237/christmas_with_jerks/,Christmas with Jerks,2023,3,False,2024-01-30 20:04:26
2318092,/view/11236/endless_love/,Endless Love,2014,1,False,2024-01-30 19:36:00
21228936,"/view/11235/den_siste_våren_(sister,_what_grows_where_land_is_sick?)/","Den siste våren (Sister, What Grows Where Land Is Sick?)",2022,3,False,2024-01-29 07:53:08
24799686,/view/11233/wahou!/,Wahou!,2023,3,False,2024-01-24 09:30:02
21986288,/view/11232/vamos_a_la_playa/,Vamos a la playa,2022,3,False,2024-01-24 09:26:49
1856080,/view/11231/the_boys_in_the_boat/,The Boys in the Boat,2023,1,False,2024-01-23 19:28:47
22866358,/view/11230/the_book_of_clarence_/,The Book of Clarence ,2023,1,False,2024-01-22 17:42:35
0877057,/view/11229/death_note/,Death note,2006,1,False,2024-01-22 12:37:53
6774420,/view/11228/queen/,Queen,2018,3,False,2024-01-22 08:23:04
7523010,/view/11227/koode/,Koode,2018,1,False,2024-01-22 08:21:32
22027654,/view/11226/jaya_jaya_jaya_hey/,Jaya jaya jaya hey,2022,3,False,2024-01-22 08:19:25
3734466,/view/11225/how_old_are_you?/,How old are you?,2014,3,False,2024-01-22 08:14:54
10735202,/view/11224/helen/,Helen,2019,3,False,2024-01-22 08:03:43
0489327,/view/11223/venus/,Venus,2006,3,True,2024-01-18 20:31:14
14849194,/view/11222/the_holdovers/,The Holdovers,2023,2,False,2024-01-16 21:18:58
29975574,/view/11221/i_hate_you_to_death/,I Hate You to Death,2023,3,False,2024-01-15 03:31:26
23735436,"/view/11220/thank_you,_i’m_sorry/","Thank You, I’m sorry",2023,3,False,2024-01-14 11:17:24
15422262,/view/11219/in_with_the_devil:_whatshername/,In with the Devil: WhatsHerName,2022,0,False,2024-01-13 12:43:59
15372650,/view/11218/in_with_the_devil:_hand_to_mouth/,In with the Devil: Hand to Mouth,2022,0,False,2024-01-13 12:41:53
14181382,/view/11217/in_with_the_devil:_pilot/,In with the Devil: Pilot,2022,1,False,2024-01-12 23:34:46
21638298,/view/11214/wingwomen/,Wingwomen,2023,3,False,2024-01-06 03:04:05
13873302,/view/11212/against_the_ice/,Against the Ice,2022,0,False,2024-01-04 21:41:15
21064584,/view/11211/the_iron_claw/,The Iron Claw,2023,3,True,2024-01-03 07:00:00
21867434,/view/11210/blackberry/,BlackBerry,2023,1,False,2024-01-02 16:48:42
13238346,/view/11209/past_lives/,Past Lives,2023,3,False,2024-01-02 01:56:18
23289160,/view/11208/godzilla_minus_one/,Godzilla Minus One,2023,3,False,2024-01-01 22:45:15
15354916,/view/11207/jawan/,Jawan,2023,3,True,2023-12-31 04:25:18
2396224,/view/11206/it’s_such_a_beautiful_day/,It’s Such A Beautiful Day,2012,0,False,2023-12-29 19:29:58
8337264,/view/11205/chicken_run:_dawn_of_the_nugget/,Chicken Run: Dawn of the Nugget,2023,3,False,2023-12-28 17:47:39
4190530,/view/11204/anthropoid/,Anthropoid,2016,3,False,2023-12-27 05:11:37
6587046,/view/11202/the_boy_and_the_heron/,The Boy and The Heron,2023,1,False,2023-12-25 12:04:00
15789038,/view/11201/elemental/,Elemental,2023,3,True,2023-12-25 11:59:56
6166392,/view/11200/wonka/,Wonka,2023,3,False,2023-12-22 09:46:28
15282148,/view/11199/a_beautiful_life/,A Beautiful Life,2023,3,True,2023-12-19 01:32:43
0093593,/view/11198/on_the_silver_globe/,On the Silver Globe,1988,1,False,2023-12-18 05:44:26
13651794,/view/11197/may_december/,May December,2023,3,False,2023-12-17 07:34:50
11317142,/view/11196/shiva_baby/,Shiva Baby,2020,3,False,2023-12-17 07:28:52
0066999,/view/11195/dirty_harry/,Dirty Harry,1971,0,False,2023-12-17 07:10:56
5990474,/view/11194/columbus/,Columbus,2017,3,False,2023-12-17 06:50:59
15837338,/view/11193/paw_patrol:_the_mighty_movie/,PAW Patrol: The Mighty Movie,2023,3,False,2023-12-17 03:54:14
0089269,/view/11192/hellhole/,Hellhole,1985,3,False,2023-12-17 01:49:03
16090596,/view/11191/conann/,Conann,2023,3,False,2023-12-14 21:00:23
0049743,/view/11190/7_men_from_now/,7 Men from Now,1956,1,False,2023-12-12 19:26:00
0044953,/view/11188/the_naked_spur/,The Naked Spur,1953,0,False,2023-12-11 00:01:45
0047495,/view/11187/silver_lode/,Silver Lode,1954,2,False,2023-12-10 02:12:17
0053220,/view/11186/ride_lonesome/,Ride Lonesome,1959,0,False,2023-12-10 00:37:27
2458948,/view/11185/evangelion:_3.0+1.01_thrice_upon_a_time/,Evangelion: 3.0+1.01 Thrice Upon a Time,2021,3,True,2023-12-09 04:03:04
27542956,/view/11184/my_christmas_hero/,My Christmas Hero,2023,2,True,2023-12-09 00:16:36
0406046,/view/11182/the_magic_of_ordinary_days/,The Magic of Ordinary Days,2005,3,False,2023-12-07 21:09:07
26674627,/view/11181/resident_evil:_death_island/,Resident Evil: Death Island,2023,3,False,2023-12-07 13:51:55
0067778,/view/11180/dearest_love_(murmur_of_the_heart)/,Dearest Love (Murmur of the Heart),1971,2,True,2023-12-06 05:10:39
0048342,/view/11179/the_man_from_laramie/,The Man from Laramie,1955,2,False,2023-12-06 03:35:27
29354040,/view/11178/renaissance:_a_film_by_beyoncé/,Renaissance: A Film by Beyoncé,2023,3,False,2023-12-05 10:56:50
0070356,/view/11177/now_where_did_the_seventh_company_get_to/,Now where did the seventh company get to,1973,0,False,2023-12-04 22:00:09
12003946,/view/11176/violent_night/,Violent Night,2022,3,False,2023-12-04 00:28:52
0059026,/view/11175/a_charlie_brown_christmas/,A Charlie Brown Christmas,1965,3,False,2023-12-02 03:42:16
15654328,/view/11173/leo/,Leo,2023,3,False,2023-11-29 06:24:16
15789472,/view/11172/nowhere/,Nowhere,2023,3,False,2023-11-27 22:23:24
18363072,/view/11171/the_royal_hotel/,The Royal Hotel,2023,3,False,2023-11-27 22:14:33
0117774,/view/11170/the_substitute/,The Substitute,1996,1,False,2023-11-25 03:24:35
10676048,/view/11169/the_marvels/,The Marvels,2023,3,False,2023-11-23 03:40:33
10545296,/view/11166/the_hunger_games:_the_ballad_of_songbirds_&_snakes/,The Hunger Games: The Ballad of Songbirds & Snakes,2023,3,False,2023-11-19 04:36:34
6352534,/view/11165/eve_n’_god_:_this_female_is_not_yet_rated/,Eve N’ God : This Female Is Not Yet Rated,2019,3,False,2023-11-16 15:38:46
27851639,/view/11164/second_tour/,Second tour,2023,2,False,2023-11-16 11:34:35
29486765,/view/11154/the_g/,The G,2023,1,False,2023-11-12 12:10:17
11394340,/view/11153/summertime/,Summertime,2020,3,False,2023-11-11 19:24:02
22263934,/view/11152/je'vida/,Je'vida,2023,3,False,2023-11-10 09:56:18
5537002,/view/11151/killers_of_the_flower_moon/,Killers of the Flower Moon,2023,1,False,2023-11-09 22:42:22
13405810,/view/11150/quiz_lady/,Quiz Lady,2023,3,False,2023-11-07 18:17:58
29794554,/view/11149/the_zepotha_killer/,The Zepotha Killer,2023,3,False,2023-11-07 10:36:15
0079797,/view/11147/retour_à_la_bien-aimée/,Retour à la bien-aimée,1979,1,False,2023-11-05 06:36:00
0115571,/view/11146/the_arrival/,The Arrival,1996,1,False,2023-11-03 20:12:08
4589218,/view/11145/five_nights_at_freddy's/,Five Nights at Freddy's,2023,2,False,2023-10-27 03:54:48
5302918,/view/11144/nyad/,Nyad,2023,3,False,2023-10-24 15:35:33
0914863,/view/11143/unthinkable/,Unthinkable,2010,2,False,2023-10-24 12:32:30
0017739,/view/11142/the_cat_and_the_canary/,The Cat and the Canary,1927,3,False,2023-10-21 19:17:34
0054225,/view/11141/girl_with_a_suitcase/,Girl with a suitcase,1961,1,False,2023-10-19 09:03:07
0396752,/view/11139/nanny_mcphee/,Nanny McPhee,2005,0,False,2023-10-18 03:25:56
0225528,/view/11117/disembodied/,Disembodied,1998,3,False,2023-10-15 23:55:21
0411805,/view/11094/return_of_the_living_dead:_necropolis/,Return of the Living Dead: Necropolis,2006,3,False,2023-10-14 08:16:25
13274016,/view/11093/reptile/,Reptile,2023,2,False,2023-10-14 05:01:46
0120598,/view/11092/barney's_great_adventure/,Barney's Great Adventure,1998,3,True,2023-10-13 21:15:20
0049370,/view/11091/it_conquered_the_world/,It Conquered the World,1956,3,False,2023-10-12 15:07:09
0074686,/view/11090/l'innocente/,L'innocente,1976,2,False,2023-10-10 13:08:34
11858890,/view/11063/the_creator/,The Creator,2023,3,False,
3280262,/view/11062/cult_of_chucky/,Cult of Chucky,2017,3,False,2023-10-06 01:00:33
0387575,/view/11061/seed_of_chucky/,Seed of Chucky,2004,3,False,2023-10-06 00:57:23
14158346,/view/11053/sharp_stick/,Sharp Stick,2022,3,False,2023-10-04 20:27:00
0106489,/view/11052/a_bronx_tale/,A Bronx tale,1993,1,False,2023-10-04 07:23:57
21232992,/view/11051/theater_camp/,Theater Camp,2023,3,False,2023-10-03 22:03:58
0365485,/view/11050/the_matador/,THE MATADOR,2005,1,False,2023-10-03 10:57:06
21807222,/view/11049/saw_x/,Saw X,2023,3,False,2023-10-02 21:00:28
21027780,/view/11048/kuolleet_lehdet/,Kuolleet lehdet,2023,2,False,2023-10-01 00:40:47
13978520,/view/11047/spy_kids:_armageddon/,Spy Kids: Armageddon,2023,3,False,
0097778,/view/11045/look_who's_talking/,Look Who's Talking,1989,2,False,2023-09-26 08:47:09
0118998,/view/11042/doctor_dolittle/,Doctor Dolittle,1998,2,False,2023-09-26 07:52:37
15683734,/view/11041/it_lives_inside/,It Lives Inside,2023,3,False,2023-09-26 01:26:22
15422224,/view/11015/slotherhouse/,Slotherhouse,2023,3,False,2023-09-24 01:56:22
5117670,/view/11014/peter_rabbit/,Peter Rabbit,2018,3,False,2023-09-21 13:35:00
17009710,/view/11010/anatomie_d'une_chute/,Anatomie d'une chute,2023,3,False,2023-09-19 08:14:23
11820950,/view/11009/the_portable_door/,The Portable Door,2023,3,False,2023-09-16 03:43:53
0071203,/view/11008/belladonna_of_sadness/,Belladonna Of Sadness,1973,0,False,2023-09-13 22:16:00
1621039,/view/11007/free_birds/,Free Birds,2013,0,False,2023-09-08 20:40:54
2460488,/view/11006/switch/,Switch,2013,2,False,2023-09-07 16:13:05
10003008,/view/11005/the_rental/,The Rental,2020,3,False,2023-09-06 16:58:05
11136630,/view/11004/a_nasty_piece_of_work/,A Nasty Piece of Work,2019,3,False,2023-09-06 16:47:34
5886046,/view/11003/escape_room/,Escape Room,2019,3,False,2023-09-06 16:35:19
10665342,/view/11002/halloween_ends/,Halloween Ends,2022,3,False,2023-09-06 16:25:14
8592498,/view/11001/murder_bury_win/,Murder Bury Win,2020,0,False,2023-09-06 16:17:42
6535880,/view/11000/haunt/,Haunt,2019,3,False,2023-09-06 12:52:39
1233227,/view/10999/saw_vi/,Saw VI,2009,3,False,2023-09-05 19:04:54
0337824,/view/10998/and_starring_pancho_villa_as_himself/,And Starring Pancho Villa as Himself,2003,0,False,2023-09-04 03:54:05
14208870,/view/10997/the_fabelmans/,The Fabelmans,2022,2,False,2023-09-03 18:53:09
1695843,/view/10996/haunted_mansion/,Haunted Mansion,2023,3,False,2023-09-03 18:32:34
19623240,/view/10995/winnie-the-pooh:_blood_and_honey/,Winnie-the-Pooh: Blood and Honey,2023,3,False,2023-09-03 11:21:01
17527468,/view/10994/bottoms/,Bottoms,2023,3,False,2023-09-03 04:18:54
10638522,/view/10993/talk_to_me/,Talk To Me,2022,3,False,2023-08-29 14:07:59
0113362,/view/10992/le_hussard_sur_le_toit/,Le hussard sur le toit,1995,3,True,2023-08-28 12:49:51
13521006,/view/10991/beau_is_afraid/,Beau is Afraid,2023,2,False,2023-08-28 07:29:33
13086266,/view/10990/concrete_utopia/,Concrete Utopia,2023,3,False,2023-08-27 01:34:17
1813757,/view/10988/who_killed_captain_alex!/,Who Killed Captain Alex!,2010,3,True,2023-08-21 01:51:23
13375076,/view/10987/the_priest's_exorcist/,The Priest's Exorcist,2023,3,False,2023-08-19 00:46:47
9362930,/view/10986/blue_beetle/,Blue Beetle,2023,3,False,2023-08-18 19:30:17
0269856,/view/10985/ritual/,Ritual,2000,1,False,2023-08-14 20:43:01
13603966,/view/10984/heart_of_stone/,Heart of Stone,2023,3,False,2023-08-13 13:00:08
0071762,/view/10983/the_little_prince/,The Little Prince,1974,0,False,2023-08-11 04:53:36
2552394,/view/10982/barney_thomson/,Barney Thomson,2015,3,False,2023-08-08 19:03:06
0058092,/view/10981/father_goose/,Father Goose,1964,3,True,2023-08-06 15:43:07
0056700,/view/10980/the_wonderful_world_of_the_brothers_grimm/,The Wonderful World of the Brothers Grimm,1962,3,False,2023-08-06 01:22:33
14668630,"/view/10979/lyle,_lyle_crocodile/","Lyle, Lyle Crocodile",2022,1,False,2023-08-04 00:28:20
18257464,/view/10978/polite_society/,Polite Society,2023,3,False,2023-08-03 15:14:21
15339570,/view/10977/champions/,Champions,2023,0,False,2023-08-02 02:15:51
15509244,/view/10976/happiness_for_beginners/,Happiness for Beginners,2023,3,True,2023-07-31 02:05:04
11358390,/view/10975/renfield/,Renfield,2023,3,False,2023-07-28 15:11:05
16428256,/view/10974/suzume/,Suzume,2022,3,False,2023-07-27 18:14:21
27816768,/view/10973/tarla/,Tarla,2023,3,False,2023-07-26 17:19:09
15428940,/view/10972/jules/,Jules,2023,3,False,2023-07-25 20:45:34
6791350,/view/10971/guardians_of_the_galaxy_vol._3/,Guardians of the Galaxy Vol. 3,2023,3,False,2023-07-25 16:39:21
4003774,/view/10970/meet_the_mormons/,Meet the Mormons,2014,3,False,2023-07-25 13:54:49
3854234,"/view/10968/el_patrón,_radiografía_de_un_crimen/","El patrón, radiografía de un crimen",2014,1,False,2023-07-25 11:33:12
0106989,"/view/10967/gatica,_el_mono/","Gatica, el mono",1993,1,False,2023-07-25 11:23:23
0052600,/view/10966/ballada_o_soldate/,Ballada o soldate,1959,1,False,2023-07-25 11:18:32
0078444,/view/10965/an_unmarried_woman/,An Unmarried Woman,1978,3,False,2023-07-25 10:59:17
21307994,/view/10964/skinamarink/,Skinamarink,2022,0,False,2023-07-25 10:56:25
14230388,/view/10963/asteroid_city/,Asteroid City,2023,3,False,2023-07-24 19:02:38
11394158,/view/10962/miss_juneteenth/,Miss Juneteenth,2020,3,False,2023-07-24 18:58:40
8400584,/view/10961/the_perfect_find/,The Perfect Find,2023,3,False,2023-07-24 18:46:56
0365957,/view/10959/you_got_served/,You Got Served,2004,3,True,2023-07-22 18:04:14
15326988,/view/10958/ghosted/,Ghosted,2023,2,False,2023-07-22 15:16:19
15398776,/view/10957/oppenheimer/,Oppenheimer,2023,2,False,2023-07-21 20:22:30
1517268,/view/10956/barbie/,Barbie,2023,3,False,2023-07-21 14:27:01
0152930,/view/10955/taxi/,Taxi,1998,1,False,2023-07-19 16:53:56
3099498,/view/10954/tusk/,Tusk,2014,0,False,2023-07-19 01:14:44
27502426,/view/10953/four_daughters/,Four Daughters,2023,3,False,2023-07-18 15:10:49
7479784,"/view/10952/the_bold,_the_corrupt,_and_the_beautiful/","The Bold, the Corrupt, and the Beautiful",2017,3,False,2023-07-18 14:17:26
13675832,/view/10951/gibi/,Gibi,2021,0,True,2023-07-18 06:26:42
9603212,/view/10950/mission:_impossible_-_dead_reckoning_part_1/,Mission: Impossible - Dead Reckoning Part 1,2023,3,False,2023-07-16 08:45:32
0068638,/view/10949/the_getaway/,The Getaway,1972,1,False,2023-07-16 08:37:20
15671028,/view/10948/no_hard_feelings/,No Hard Feelings,2023,3,False,2023-07-11 23:46:50
24068064,/view/10947/reality/,Reality,2023,0,False,2023-07-10 17:33:25
0061785,/view/10946/hot_thrills_and_warm_chills/,Hot Thrills and Warm Chills,1967,3,False,2023-07-09 06:30:03
10885406,/view/10945/ascendance_of_a_bookworm/,Ascendance of a Bookworm,2019,3,False,2023-07-08 03:45:16
0108308,/view/10944/teenage_mutant_ninja_turtles_iii/,Teenage Mutant Ninja Turtles III,1993,2,False,2023-07-04 06:26:48
9784708,/view/10943/rise_of_the_teenage_mutant_ninja_turtles:_the_movie/,Rise of the Teenage Mutant Ninja Turtles: The Movie,2022,3,False,2023-07-04 06:08:48
9775360,/view/10942/batman_vs_teenage_mutant_ninja_turtles/,Batman vs Teenage Mutant Ninja Turtles,2019,3,True,2023-07-04 06:00:52
19500164,/view/10941/nimona/,Nimona,2023,3,False,2023-07-01 21:26:39
1462764,/view/10940/indiana_jones_and_the_dial_of_destiny/,Indiana Jones and the Dial of Destiny,2023,1,False,2023-07-01 02:39:22
9362722,/view/10938/spider-man:_across_the_spider-verse/,Spider-Man: Across the Spider-Verse,2023,3,False,2023-06-27 05:33:39
0062376,"/view/10937/to_sir,_with_love/","To Sir, with Love",1967,3,False,2023-06-27 05:21:28
11210390,/view/10936/astérix_et_obélix:_l'empire_du_milieu/,Astérix et Obélix: L'Empire du Milieu,2023,3,False,2023-06-25 02:01:48
12718300,"/view/10935/confess,_fletch/","Confess, Fletch",2022,3,True,2023-06-24 22:12:36
0092559,/view/10934/and_god_created_woman/,And God Created Woman,1988,3,False,2023-06-19 03:27:26
7600716,/view/10933/adn/,ADN,2020,3,False,2023-06-17 17:00:31
1014775,/view/10932/beverly_hills_chihuahua/,Beverly Hills Chihuahua,2008,3,False,2023-06-16 05:38:50
0065375,/view/10931/the_adventures_of_gerard/,The Adventures of Gerard,1970,1,False,2023-06-15 21:02:56
9583840,/view/10930/the_young_arsonists/,The Young Arsonists,2023,3,False,2023-06-14 17:30:03
0439572,/view/10929/the_flash/,The Flash,2023,1,False,2023-06-14 05:56:36
0143088,/view/10928/adieu_philippine/,Adieu Philippine,1962,3,False,2023-06-12 22:42:42
5439812,/view/10927/zola/,Zola,2020,3,False,2023-05-30 03:21:42
5971474,/view/10926/the_little_mermaid/,The Little Mermaid,2023,3,False,2023-05-30 03:14:37
0283877,/view/10925/american_psycho_ii:_all_american_girl/,American Psycho II: All American Girl,2002,3,False,2023-05-28 18:31:48
2935622,/view/10924/the_school_for_good_and_evil/,The School for Good and Evil,2022,3,False,2023-05-28 01:57:02
26744173,/view/10923/incar/,InCar,2023,1,False,2023-05-26 10:48:31
5709536,/view/10922/angry_inuk/,Angry Inuk,2016,3,False,2023-05-23 03:15:01
0093952,/view/10921/shame/,Shame,1988,3,False,2023-05-20 20:53:54
0119809,/view/10920/nowhere/,Nowhere,1997,3,False,2023-05-20 03:39:29
0203040,/view/10919/girls_of_the_night/,Girls of the Night,1961,3,False,2023-05-19 23:01:51
13539646,/view/10918/liu_lang_di_qiu_2/,Liu lang di qiu 2,2023,1,False,2023-05-19 11:16:25
5433140,/view/10917/fast_x/,Fast X,2023,3,False,2023-05-18 21:54:10
26440896,/view/10915/living_bad/,Living Bad,2023,3,False,2023-05-17 19:05:51
14007288,/view/10914/bad_living/,Bad Living,2023,3,False,2023-05-17 19:02:19
0062207,/view/10913/robbery/,Robbery,1967,0,False,2023-05-16 18:34:38
24070754,/view/10912/je_verrai_toujours_vos_visages/,Je verrai toujours vos visages,2023,3,False,2023-05-15 12:37:34
4569374,/view/10910/woodland/,Woodland,2020,1,False,2023-05-11 18:42:16
0087075,/view/10903/the_company_of_wolves/,The Company of Wolves,1984,3,False,2023-05-10 18:55:24
0109447,/view/10901/clifford/,Clifford,1994,3,False,2023-05-09 13:52:38
16377816,/view/10900/marte_um/,Marte Um,2022,3,False,2023-05-08 01:36:40
4827558,/view/10899/high_life/,High Life,2018,3,False,2023-05-06 01:38:48
0066601,/view/10898/zabriskie_point/,Zabriskie Point,1970,1,False,2023-05-05 17:45:49
9185206,/view/10897/are_you_there_god?_it's_me_margaret/,Are You There God? It's Me Margaret,2023,3,False,2023-05-04 10:43:51
12758060,/view/10896/tetris/,Tetris,2023,3,False,2023-05-03 21:05:36
0395169,/view/10895/hotel_rwanda/,Hotel Rwanda,2004,2,False,2023-05-03 14:04:17
5461944,/view/10894/hotel_mumbai/,Hotel Mumbai,2018,2,False,2023-05-03 14:02:17
0091217,/view/10893/hoosiers/,Hoosiers,1986,1,False,2023-05-03 13:39:15
0116483,/view/10892/happy_gilmore/,Happy Gilmore,1996,0,False,2023-05-03 13:28:39
0385002,/view/10891/green_street_hooligans/,Green Street Hooligans,2005,0,False,2023-05-03 13:26:06
0141098,/view/10890/forces_of_nature/,Forces of Nature,1999,2,False,2023-05-03 13:07:51
0101902,/view/10889/for_the_boys/,For the Boys,1991,3,False,2023-05-03 12:55:01
0418689,/view/10888/flags_of_our_fathers/,Flags of Our Fathers,2006,1,False,2023-05-03 12:50:40
1082601,/view/10887/fighting/,Fighting,2009,1,False,2023-05-03 12:46:18
1097643,/view/10886/fifty_dead_men_walking/,Fifty Dead Men Walking,2008,2,False,2023-05-03 12:31:33
0060371,/view/10885/the_endless_summer/,The Endless Summer,1965,0,False,2023-05-03 12:25:46
0099371,/view/10884/days_of_thunder/,Days of Thunder,1990,2,False,2023-05-03 12:22:23
0112740,/view/10883/crimson_tide/,Crimson Tide,1995,0,False,2023-05-03 12:10:55
1263670,/view/10882/crazy_heart/,Crazy Heart,2009,1,False,2023-05-03 12:09:22
0115956,/view/10881/courage_under_fire/,Courage Under Fire,1996,1,False,2023-05-03 11:59:57
0031762,/view/10880/only_angels_have_wings/,Only Angels Have Wings,1939,2,False,2023-05-02 23:41:21
13345606,/view/10879/evil_dead_rise/,Evil Dead Rise,2023,3,False,2023-05-01 14:41:52
0870090,/view/10878/city_of_men/,City of Men,2007,1,False,2023-05-01 14:30:07
1629757,/view/10877/chasing_mavericks/,Chasing Mavericks,2012,2,False,2023-05-01 14:24:53
0097027,/view/10876/casualties_of_war/,Casualties of War,1989,0,False,2023-05-01 14:19:48
0080487,/view/10875/caddyshack/,Caddyshack,1980,2,False,2023-05-01 14:16:48
0758774,/view/10874/body_of_lies/,Body of Lies,2008,2,False,2023-05-01 14:10:00
0142342,/view/10873/big_daddy/,Big Daddy,1999,2,False,2023-05-01 14:03:56
0103786,/view/10872/beethoven/,Beethoven,1992,3,False,2023-05-01 13:58:30
0101393,/view/10871/backdraft/,Backdraft,1991,1,False,2023-05-01 13:53:09
0146838,/view/10870/any_given_sunday/,Any Given Sunday,1999,2,False,2023-05-01 13:51:28
0118607,/view/10869/amistad/,Amistad,1997,0,False,2023-05-01 13:47:01
1486193,/view/10868/5_days_of_war/,5 Days of War,2011,1,False,2023-05-01 13:39:37
0094226,/view/10867/the_untouchables/,The Untouchables,1987,1,False,2023-05-01 13:33:49
1196948,/view/10866/charlie_countryman/,Charlie Countryman,2013,1,False,2023-05-01 13:29:09
0318462,/view/10865/the_motorcycle_diaries/,The Motorcycle Diaries,2004,1,False,2023-05-01 13:18:48
0455590,/view/10864/the_last_king_of_scotland/,The Last King of Scotland,2006,2,False,2023-05-01 13:07:06
0215750,/view/10863/enemy_at_the_gates/,Enemy at the Gates,2001,2,False,2023-05-01 13:01:40
0104231,/view/10862/far_and_away/,Far and Away,1992,3,False,2023-05-01 12:57:38
7765404,/view/10861/wayne/,Wayne,2019,3,True,2023-04-29 18:54:48
14923260,/view/10860/chupa/,Chupa,2023,0,False,2023-04-29 17:13:14
0246734,/view/10859/kite/,Kite,1998,0,False,2023-04-28 17:03:05
11612120,/view/10858/sweet_home/,Sweet Home,2020,1,False,2023-04-27 15:43:05
14807308,/view/10857/she_said/,She Said,2022,2,False,2023-04-26 08:58:33
0053902,/view/10855/heller_in_pink_tights/,Heller in Pink Tights,1960,2,False,2023-04-17 18:20:27
26537229,/view/10854/demon_slayer:_kimetsu_no_yaiba_-_to_the_swordsmith_village/,Demon Slayer: Kimetsu No Yaiba - To the Swordsmith Village,2023,3,False,2023-04-17 03:33:09
0227051,/view/10852/night_of_the_felines/,Night of the Felines,1972,3,False,2023-04-16 17:53:48
5973032,/view/10851/antiporno/,Antiporno,2016,3,False,2023-04-15 20:26:48
5164438,/view/10850/the_starling/,The Starling,2021,3,False,2023-04-14 21:53:05
20227026,/view/10849/grand_paris/,Grand Paris,2022,0,False,2023-04-13 21:33:26
0031398,/view/10848/gunga_din/,Gunga Din,1939,0,False,2023-04-13 04:12:09
4954660,/view/10847/case_closed:_the_darkest_nightmare/,Case Closed: The Darkest Nightmare,2016,3,False,2023-04-12 23:30:52
9184592,/view/10846/the_unlisted/,The Unlisted,2019,3,False,2023-04-12 21:45:34
14644048,/view/10845/goutte_d'or/,Goutte d'Or,2022,1,False,2023-04-11 06:09:29
16419074,/view/10843/air/,Air,2023,0,False,2023-04-11 00:12:12
0208874,/view/10842/the_contender/,The Contender,2000,2,True,2023-04-10 17:02:37
0098273,/view/10841/sea_of_love/,Sea of Love,1989,0,False,2023-04-09 07:29:09
0997047,/view/10840/college_road_trip/,College Road Trip,2008,1,False,W 
6718170,/view/10839/the_super_mario_bros._movie/,The Super Mario Bros. Movie,2023,1,False,2023-04-05 22:57:52
0028691,/view/10838/captains_courageous/,Captains Courageous,1937,0,False,2023-04-05 16:00:01
2906216,/view/10837/dungeons_&_dragons:_honour_among_thieves/,Dungeons & Dragons: Honour Among Thieves,2023,3,False,2023-04-05 08:15:48
0452598,/view/10836/cheaper_by_the_dozen_2/,Cheaper by the Dozen 2,2005,2,False,2023-04-04 17:50:23
11145118,/view/10835/creed_3/,Creed 3,2023,3,False,2023-04-03 20:04:26
0206064,/view/10834/johnny_tsunami/,Johnny Tsunami,1999,3,True,2023-04-01 00:10:35
0064333,/view/10833/flareup/,Flareup,1969,3,False,2023-03-30 21:12:01
8760708,/view/10832/m3gan/,M3GAN,2022,3,False,2023-03-29 19:13:31
3107288,/view/10831/the_flash/,The Flash,2014,1,False,2023-03-29 13:04:42
11555492,/view/10830/farha/,Farha,2021,3,False,2023-03-28 21:00:38
0065537,/view/10829/change_of_habit/,Change of Habit,1969,3,False,2023-03-28 02:26:11
5571754,/view/10828/how_to_be_really_bad/,How to be really bad,2018,3,False,2023-03-27 16:51:04
15325794,/view/10827/fall/,Fall,2022,3,False,2023-03-26 18:51:21
2397461,/view/10826/clifford_the_big_red_dog/,Clifford The Big Red Dog,2021,1,False,2023-03-26 18:04:14
0066115,/view/10825/myra_breckinridge/,Myra Breckinridge,1970,3,False,2023-03-26 00:19:34
0025318,/view/10824/it's_a_gift/,It's a Gift,1934,3,False,2023-03-24 16:04:35
0285663,/view/10823/ecstasy_of_the_black_rose/,Ecstasy of the Black Rose,1975,1,False,2023-03-24 15:56:52
6823368,/view/10822/glass/,Glass,2019,2,False,2023-03-22 18:55:13
0063634,/view/10821/speedway/,Speedway,1968,3,False,2023-03-22 14:50:25
0089730,/view/10820/once_bitten/,Once Bitten,1985,3,False,2023-03-22 14:47:19
4197642,/view/10819/a_date_for_mad_mary/,A Date for Mad Mary,2016,3,False,2023-03-22 12:55:05
0061595,/view/10818/double_trouble/,Double Trouble,1967,3,False,2023-03-22 00:45:33
14888898,/view/10817/great_yarmouth:_provisional_figures/,Great Yarmouth: Provisional Figures,2022,3,False,2023-03-21 22:17:25
0061015,/view/10816/spinout/,Spinout,1966,1,False,2023-03-21 00:04:35
0059224,/view/10815/girl_happy/,Girl Happy,1965,3,False,2023-03-20 21:26:53
0138510,/view/10814/idle_hands/,Idle Hands,1999,2,False,2023-03-20 21:03:14
0056585,/view/10813/tickle_me/,Tickle Me,1965,2,False,2023-03-20 03:00:04
9381998,/view/10812/agatha_and_the_truth_of_murder/,Agatha and the Truth of Murder,2018,3,False,2023-03-18 19:42:16
8781414,/view/10811/freaks/,Freaks,2018,3,False,2023-03-18 17:57:56
17663992,/view/10809/scream_vi/,SCREAM VI,2023,3,False,2023-03-17 16:36:08
11379572,/view/10808/the_hill_where_lionesses_roar/,The Hill Where Lionesses Roar,2021,3,False,2023-03-17 00:34:09
0113114,/view/10806/free_willy_2/,Free Willy 2,1995,3,False,2023-03-13 21:14:19
0116932,"/view/10805/love,_etc./","Love, etc.",1996,1,False,2023-03-13 14:57:53
12261776,/view/10804/65/,65,2023,2,False,2023-03-13 05:07:15
16492574,/view/10802/the_mandela_catalouge/,The Mandela Catalouge,2021,1,False,2023-03-12 08:52:52
13669038,/view/10801/women_talking/,Women Talking,2022,3,False,2023-03-11 13:37:15
8633464,/view/10800/after_yang/,After Yang,2021,1,False,2023-03-10 22:06:43
0043137,/view/10799/winchester_'73/,Winchester '73,1950,1,False,2023-03-08 05:49:03
0061489,/view/10798/clambake/,Clambake,1967,1,False,2023-03-08 01:54:53
1016150,/view/10797/all_quiet_on_the_western_front/,All Quiet on the Western Front,2022,0,False,2023-03-07 04:33:48
0060429,/view/10796/frankie_and_johnny/,Frankie and Johnny,1966,2,False,2023-03-06 23:45:36
0056023,/view/10794/girls!_girls!_girls!/,Girls! Girls! Girls!,1962,2,False,2023-03-06 04:54:04
9054192,/view/10793/queenpins/,Queenpins,2021,3,False,2023-03-06 00:19:51
0058534,/view/10792/roustabout/,Roustabout,1964,2,False,2023-03-05 20:22:19
0050193,/view/10789/the_night_heaven_fell/,The Night Heaven Fell,1958,3,False,2023-03-03 01:00:43
0062534,/view/10788/two_weeks_in_september/,Two Weeks in September,1967,3,False,2023-03-02 23:32:03
13833688,/view/10787/the_whale/,The Whale,2022,2,False,2023-03-02 20:12:55
0066857,/view/10786/rum_runners/,Rum Runners,1971,2,False,2023-03-01 00:02:30
